user_ID,group_ID,submit_time,start_time,end_time,wallclock_limit,job_status,node_count,tasks_requested
86,87,2012-02-07 00:00:28+00:00,,2012-02-07 00:00:44+00:00,0 days 00:40:00.000000000,CANCELLED,128,3072
86,87,2012-02-07 00:01:21+00:00,2012-02-07 00:01:26+00:00,2012-02-07 00:41:26+00:00,0 days 00:40:00.000000000,TIMEOUT,128,3072
46,46,2012-02-07 00:03:40+00:00,2012-02-07 00:04:01+00:00,2012-02-07 00:05:33+00:00,0 days 11:59:00.000000000,COMPLETED,188,4512
46,46,2012-02-07 00:07:01+00:00,2012-02-07 00:07:10+00:00,2012-02-07 08:42:19+00:00,0 days 11:59:00.000000000,COMPLETED,188,4512
46,46,2012-02-07 00:16:12+00:00,2012-02-07 00:37:05+00:00,2012-02-07 00:39:31+00:00,0 days 04:30:00.000000000,COMPLETED,100,2400
46,46,2012-02-07 00:47:06+00:00,2012-02-07 00:47:11+00:00,2012-02-07 00:49:07+00:00,0 days 04:30:00.000000000,COMPLETED,100,2400
46,46,2012-02-07 00:51:29+00:00,2012-02-07 00:51:50+00:00,2012-02-07 05:01:27+00:00,0 days 04:30:00.000000000,COMPLETED,100,2400
86,87,2012-02-07 01:06:17+00:00,2012-02-07 01:06:19+00:00,2012-02-07 01:07:21+00:00,0 days 00:40:00.000000000,COMPLETED,128,3072
86,87,2012-02-07 01:07:27+00:00,2012-02-07 01:07:54+00:00,2012-02-07 01:07:56+00:00,0 days 00:40:00.000000000,COMPLETED,128,3072
86,87,2012-02-07 01:08:24+00:00,2012-02-07 01:08:26+00:00,2012-02-07 01:37:36+00:00,0 days 00:40:00.000000000,COMPLETED,128,3072
86,87,2012-02-07 02:06:22+00:00,2012-02-07 02:06:54+00:00,2012-02-07 02:18:09+00:00,0 days 01:00:00.000000000,COMPLETED,43,1032
86,87,2012-02-07 03:39:06+00:00,2012-02-07 03:39:30+00:00,2012-02-07 03:40:32+00:00,0 days 00:30:00.000000000,COMPLETED,128,3072
86,87,2012-02-07 03:40:37+00:00,2012-02-07 03:41:06+00:00,2012-02-07 03:41:08+00:00,0 days 00:30:00.000000000,COMPLETED,128,3072
86,87,2012-02-07 03:46:13+00:00,2012-02-07 03:46:18+00:00,2012-02-07 04:16:19+00:00,0 days 00:30:00.000000000,TIMEOUT,128,3072
45,45,2012-02-07 03:47:34+00:00,2012-02-07 03:47:53+00:00,2012-02-07 08:58:18+00:00,0 days 06:00:00.000000000,COMPLETED,43,1032
45,45,2012-02-07 04:12:17+00:00,2012-02-07 04:12:43+00:00,2012-02-07 20:12:44+00:00,0 days 16:00:00.000000000,TIMEOUT,43,1032
86,87,2012-02-07 04:12:21+00:00,2012-02-07 04:16:35+00:00,2012-02-07 04:20:28+00:00,0 days 00:30:00.000000000,COMPLETED,43,1032
86,87,2012-02-07 04:32:43+00:00,2012-02-07 04:33:10+00:00,2012-02-07 04:33:43+00:00,0 days 00:40:00.000000000,COMPLETED,128,3072
86,87,2012-02-07 04:34:08+00:00,2012-02-07 04:34:14+00:00,2012-02-07 04:34:17+00:00,0 days 00:40:00.000000000,COMPLETED,128,3072
86,87,2012-02-07 04:35:26+00:00,2012-02-07 04:35:49+00:00,2012-02-07 05:15:50+00:00,0 days 00:40:00.000000000,TIMEOUT,128,3072
86,87,2012-02-07 05:02:43+00:00,2012-02-07 05:17:57+00:00,2012-02-07 05:19:10+00:00,0 days 16:00:00.000000000,COMPLETED,600,14400
86,87,2012-02-07 05:05:40+00:00,2012-02-07 05:05:50+00:00,2012-02-07 05:09:39+00:00,0 days 00:30:00.000000000,COMPLETED,43,1032
86,87,2012-02-07 05:07:11+00:00,2012-02-07 05:16:23+00:00,2012-02-07 05:17:42+00:00,0 days 01:30:00.000000000,COMPLETED,171,4104
86,87,2012-02-07 05:19:11+00:00,2012-02-07 05:19:30+00:00,2012-02-07 05:19:47+00:00,0 days 16:00:00.000000000,COMPLETED,600,14400
86,87,2012-02-07 05:20:22+00:00,2012-02-07 05:20:32+00:00,2012-02-07 14:12:33+00:00,0 days 16:00:00.000000000,CANCELLED,600,14400
86,87,2012-02-07 05:21:01+00:00,2012-02-07 05:21:04+00:00,2012-02-07 06:15:05+00:00,0 days 01:30:00.000000000,COMPLETED,171,4104
86,87,2012-02-07 05:38:08+00:00,2012-02-07 05:38:09+00:00,2012-02-07 05:38:43+00:00,0 days 04:00:00.000000000,COMPLETED,128,3072
86,87,2012-02-07 05:39:27+00:00,2012-02-07 05:39:42+00:00,2012-02-07 05:39:49+00:00,0 days 04:00:00.000000000,COMPLETED,128,3072
86,87,2012-02-07 05:39:57+00:00,2012-02-07 05:40:13+00:00,2012-02-07 05:42:38+00:00,0 days 04:00:00.000000000,COMPLETED,128,3072
86,87,2012-02-07 05:42:50+00:00,2012-02-07 05:43:19+00:00,2012-02-07 09:43:20+00:00,0 days 04:00:00.000000000,TIMEOUT,128,3072
86,87,2012-02-07 14:03:27+00:00,2012-02-07 14:03:42+00:00,2012-02-07 14:12:33+00:00,0 days 02:00:00.000000000,COMPLETED,43,1032
86,87,2012-02-07 14:12:25+00:00,2012-02-07 14:12:29+00:00,2012-02-07 14:13:14+00:00,0 days 16:00:00.000000000,COMPLETED,600,14400
86,87,2012-02-07 14:13:32+00:00,2012-02-07 14:14:03+00:00,2012-02-08 05:22:36+00:00,0 days 16:00:00.000000000,CANCELLED,600,14400
86,87,2012-02-07 14:19:19+00:00,2012-02-07 14:19:44+00:00,2012-02-07 14:20:47+00:00,0 days 00:30:00.000000000,COMPLETED,128,3072
86,87,2012-02-07 14:21:04+00:00,2012-02-07 14:21:17+00:00,2012-02-07 14:21:20+00:00,0 days 00:30:00.000000000,COMPLETED,128,3072
86,87,2012-02-07 14:21:51+00:00,2012-02-07 14:22:19+00:00,2012-02-07 14:22:31+00:00,0 days 00:30:00.000000000,COMPLETED,128,3072
46,46,2012-02-07 14:22:10+00:00,2012-02-07 14:22:19+00:00,2012-02-07 14:23:52+00:00,0 days 11:59:00.000000000,COMPLETED,188,4512
86,87,2012-02-07 14:22:39+00:00,2012-02-07 14:22:50+00:00,2012-02-07 14:22:53+00:00,0 days 00:30:00.000000000,COMPLETED,128,3072
86,87,2012-02-07 14:23:38+00:00,2012-02-07 14:23:52+00:00,2012-02-07 14:25:08+00:00,0 days 00:30:00.000000000,COMPLETED,128,3072
86,87,2012-02-07 14:24:21+00:00,2012-02-07 14:24:23+00:00,2012-02-07 14:24:32+00:00,0 days 00:30:00.000000000,COMPLETED,128,3072
86,87,2012-02-07 14:25:04+00:00,2012-02-07 14:25:25+00:00,2012-02-07 14:32:23+00:00,0 days 00:30:00.000000000,COMPLETED,128,3072
46,46,2012-02-07 14:27:45+00:00,2012-02-07 14:28:02+00:00,2012-02-07 20:39:01+00:00,0 days 11:59:00.000000000,COMPLETED,188,4512
86,87,2012-02-07 14:31:51+00:00,2012-02-07 14:32:10+00:00,2012-02-07 14:33:07+00:00,0 days 00:30:00.000000000,CANCELLED,128,3072
86,87,2012-02-07 14:32:48+00:00,2012-02-07 14:33:12+00:00,2012-02-07 15:03:13+00:00,0 days 00:30:00.000000000,TIMEOUT,128,3072
86,87,2012-02-07 14:36:46+00:00,2012-02-07 14:36:49+00:00,2012-02-07 14:37:30+00:00,0 days 00:30:00.000000000,COMPLETED,128,3072
86,87,2012-02-07 14:39:16+00:00,2012-02-07 14:39:24+00:00,2012-02-07 14:51:21+00:00,0 days 00:30:00.000000000,COMPLETED,128,3072
102,103,2012-02-07 15:13:59+00:00,2012-02-07 15:14:06+00:00,2012-02-07 19:14:07+00:00,0 days 04:00:00.000000000,TIMEOUT,3,72
86,87,2012-02-07 15:18:34+00:00,2012-02-07 15:18:45+00:00,2012-02-07 15:19:47+00:00,0 days 00:30:00.000000000,COMPLETED,128,3072
86,87,2012-02-07 15:19:23+00:00,2012-02-07 15:19:47+00:00,2012-02-07 15:20:52+00:00,0 days 00:30:00.000000000,COMPLETED,128,3072
86,87,2012-02-07 15:20:55+00:00,2012-02-07 15:21:20+00:00,2012-02-07 15:21:52+00:00,0 days 00:30:00.000000000,COMPLETED,128,3072
86,87,2012-02-07 15:25:44+00:00,2012-02-07 15:25:59+00:00,2012-02-07 15:26:45+00:00,0 days 02:00:00.000000000,CANCELLED,320,7680
86,87,2012-02-07 15:26:49+00:00,2012-02-07 15:27:02+00:00,2012-02-07 15:27:36+00:00,0 days 02:00:00.000000000,COMPLETED,320,7680
86,87,2012-02-07 15:30:47+00:00,2012-02-07 15:31:13+00:00,2012-02-07 16:52:34+00:00,0 days 02:00:00.000000000,COMPLETED,320,7680
43,43,2012-02-07 15:38:19+00:00,2012-02-07 15:38:27+00:00,2012-02-07 15:39:17+00:00,0 days 01:00:00.000000000,COMPLETED,3,72
43,43,2012-02-07 15:41:07+00:00,2012-02-07 15:41:34+00:00,2012-02-07 15:41:36+00:00,0 days 00:10:00.000000000,COMPLETED,3,72
43,43,2012-02-07 15:43:12+00:00,2012-02-07 15:43:40+00:00,2012-02-07 15:43:47+00:00,0 days 00:10:00.000000000,COMPLETED,3,72
43,43,2012-02-07 15:46:32+00:00,2012-02-07 15:46:47+00:00,2012-02-07 15:46:54+00:00,0 days 00:10:00.000000000,COMPLETED,3,72
86,87,2012-02-07 15:54:35+00:00,2012-02-07 15:55:04+00:00,2012-02-07 15:56:06+00:00,0 days 00:30:00.000000000,COMPLETED,128,3072
86,87,2012-02-07 15:56:46+00:00,2012-02-07 15:57:11+00:00,2012-02-07 15:57:41+00:00,0 days 00:30:00.000000000,COMPLETED,128,3072
86,87,2012-02-07 16:00:12+00:00,2012-02-07 16:00:20+00:00,2012-02-07 16:31:36+00:00,0 days 01:00:00.000000000,COMPLETED,128,3072
100,101,2012-02-07 16:02:51+00:00,2012-02-07 16:02:57+00:00,2012-02-07 16:24:55+00:00,0 days 16:00:00.000000000,CANCELLED,25,600
43,43,2012-02-07 16:08:18+00:00,2012-02-07 16:08:39+00:00,2012-02-07 16:09:08+00:00,0 days 00:10:00.000000000,COMPLETED,3,72
43,43,2012-02-07 16:12:48+00:00,2012-02-07 16:13:20+00:00,2012-02-07 16:13:27+00:00,0 days 00:10:00.000000000,COMPLETED,3,72
43,43,2012-02-07 16:19:11+00:00,2012-02-07 16:19:34+00:00,2012-02-07 16:19:41+00:00,0 days 00:10:00.000000000,COMPLETED,3,72
43,43,2012-02-07 16:23:26+00:00,2012-02-07 16:23:44+00:00,2012-02-07 16:23:51+00:00,0 days 00:10:00.000000000,COMPLETED,3,72
43,43,2012-02-07 16:24:31+00:00,2012-02-07 16:24:48+00:00,2012-02-07 16:26:51+00:00,0 days 00:10:00.000000000,COMPLETED,3,72
100,101,2012-02-07 16:27:49+00:00,2012-02-07 16:27:56+00:00,2012-02-07 16:51:18+00:00,0 days 16:00:00.000000000,CANCELLED,25,600
43,43,2012-02-07 16:28:12+00:00,2012-02-07 16:28:30+00:00,2012-02-07 16:28:38+00:00,0 days 00:10:00.000000000,COMPLETED,3,72
43,43,2012-02-07 16:31:55+00:00,2012-02-07 16:32:08+00:00,2012-02-07 16:32:17+00:00,0 days 00:10:00.000000000,COMPLETED,3,72
89,90,2012-02-07 16:38:48+00:00,2012-02-07 16:38:54+00:00,2012-02-07 16:40:13+00:00,0 days 16:00:00.000000000,COMPLETED,200,4800
89,90,2012-02-07 16:51:32+00:00,2012-02-07 16:51:51+00:00,2012-02-07 16:53:11+00:00,0 days 16:00:00.000000000,COMPLETED,200,4800
100,101,2012-02-07 16:54:33+00:00,2012-02-07 16:54:58+00:00,2012-02-08 08:54:59+00:00,0 days 16:00:00.000000000,TIMEOUT,25,600
89,90,2012-02-07 17:01:46+00:00,2012-02-07 17:02:12+00:00,2012-02-07 17:02:42+00:00,0 days 16:00:00.000000000,COMPLETED,200,4800
89,90,2012-02-07 17:06:12+00:00,2012-02-07 17:06:20+00:00,2012-02-08 08:32:43+00:00,0 days 16:00:00.000000000,COMPLETED,200,4800
93,94,2012-02-07 17:14:44+00:00,2012-02-07 17:15:07+00:00,2012-02-08 06:34:00+00:00,0 days 16:00:00.000000000,COMPLETED,22,528
89,90,2012-02-07 17:24:21+00:00,2012-02-07 17:24:25+00:00,2012-02-07 17:26:28+00:00,0 days 01:00:00.000000000,CANCELLED,6,144
86,87,2012-02-07 17:42:55+00:00,2012-02-07 17:43:03+00:00,2012-02-07 17:43:13+00:00,0 days 00:10:00.000000000,COMPLETED,40,960
86,87,2012-02-07 17:44:03+00:00,2012-02-07 17:44:05+00:00,2012-02-07 17:45:51+00:00,0 days 00:10:00.000000000,COMPLETED,40,960
102,103,2012-02-07 17:54:40+00:00,2012-02-07 17:54:56+00:00,2012-02-07 17:55:10+00:00,0 days 16:00:00.000000000,COMPLETED,300,7200
102,103,2012-02-07 17:57:36+00:00,2012-02-07 17:58:03+00:00,2012-02-07 20:45:18+00:00,0 days 16:00:00.000000000,CANCELLED,150,3600
408,415,2012-02-07 18:04:10+00:00,2012-02-07 18:04:16+00:00,2012-02-07 18:51:32+00:00,0 days 01:30:00.000000000,COMPLETED,25,600
143,144,2012-02-07 18:08:23+00:00,2012-02-07 18:08:24+00:00,2012-02-07 18:09:27+00:00,0 days 01:00:00.000000000,COMPLETED,150,3600
23,23,2012-02-07 18:09:34+00:00,,2012-02-07 18:09:49+00:00,0 days 01:00:00.000000000,CANCELLED,3,24
23,23,2012-02-07 18:10:40+00:00,2012-02-07 18:11:01+00:00,2012-02-07 18:11:02+00:00,0 days 01:00:00.000000000,COMPLETED,6,144
23,23,2012-02-07 18:13:21+00:00,2012-02-07 18:13:37+00:00,2012-02-07 18:14:08+00:00,0 days 01:00:00.000000000,COMPLETED,6,144
23,23,2012-02-07 18:16:35+00:00,2012-02-07 18:16:43+00:00,2012-02-07 18:16:44+00:00,0 days 01:00:00.000000000,COMPLETED,6,144
23,23,2012-02-07 18:17:43+00:00,2012-02-07 18:17:46+00:00,2012-02-07 18:17:47+00:00,0 days 01:00:00.000000000,COMPLETED,6,144
23,23,2012-02-07 18:19:48+00:00,2012-02-07 18:19:50+00:00,2012-02-07 18:19:51+00:00,0 days 01:00:00.000000000,COMPLETED,6,144
143,144,2012-02-07 18:39:07+00:00,2012-02-07 18:39:30+00:00,2012-02-07 18:40:33+00:00,0 days 01:00:00.000000000,COMPLETED,150,3600
45,45,2012-02-07 18:44:28+00:00,2012-02-07 18:44:41+00:00,2012-02-07 18:44:49+00:00,0 days 06:00:00.000000000,COMPLETED,43,1032
45,45,2012-02-07 18:46:00+00:00,2012-02-07 18:46:15+00:00,2012-02-08 00:46:16+00:00,0 days 06:00:00.000000000,TIMEOUT,43,1032
408,415,2012-02-07 18:51:43+00:00,2012-02-07 18:51:56+00:00,2012-02-07 19:05:44+00:00,0 days 01:00:00.000000000,COMPLETED,25,600
45,45,2012-02-07 18:58:42+00:00,2012-02-07 18:59:11+00:00,2012-02-08 10:59:12+00:00,0 days 16:00:00.000000000,TIMEOUT,43,1032
182,346,2012-02-07 19:34:36+00:00,2012-02-07 19:34:52+00:00,2012-02-07 19:36:25+00:00,0 days 01:00:00.000000000,COMPLETED,25,600
182,346,2012-02-07 19:36:28+00:00,2012-02-07 19:36:57+00:00,2012-02-07 20:36:58+00:00,0 days 01:00:00.000000000,TIMEOUT,25,600
102,103,2012-02-07 20:45:39+00:00,2012-02-07 20:45:47+00:00,2012-02-07 20:46:49+00:00,0 days 16:00:00.000000000,COMPLETED,150,3600
102,103,2012-02-07 20:47:08+00:00,2012-02-07 20:47:20+00:00,2012-02-07 20:47:24+00:00,0 days 16:00:00.000000000,COMPLETED,150,3600
102,103,2012-02-07 20:47:34+00:00,2012-02-07 20:47:51+00:00,2012-02-08 12:47:52+00:00,0 days 16:00:00.000000000,TIMEOUT,150,3600
102,103,2012-02-07 20:48:01+00:00,2012-02-07 20:48:23+00:00,2012-02-07 20:50:29+00:00,0 days 16:00:00.000000000,CANCELLED,150,3600
102,103,2012-02-07 20:48:03+00:00,2012-02-07 20:48:23+00:00,2012-02-07 20:50:24+00:00,0 days 16:00:00.000000000,CANCELLED,150,3600
143,144,2012-02-07 21:05:30+00:00,2012-02-07 21:05:58+00:00,2012-02-07 21:07:01+00:00,0 days 01:00:00.000000000,COMPLETED,150,3600
46,46,2012-02-07 21:05:57+00:00,2012-02-07 21:05:58+00:00,2012-02-07 21:07:31+00:00,0 days 11:59:00.000000000,COMPLETED,188,4512
143,144,2012-02-07 21:09:59+00:00,2012-02-07 21:10:07+00:00,2012-02-07 22:10:09+00:00,0 days 01:00:00.000000000,TIMEOUT,150,3600
45,45,2012-02-07 21:27:20+00:00,2012-02-07 21:27:42+00:00,2012-02-08 03:27:43+00:00,0 days 06:00:00.000000000,TIMEOUT,43,1032
46,46,2012-02-07 22:06:09+00:00,2012-02-07 22:06:29+00:00,2012-02-07 22:08:00+00:00,0 days 11:59:00.000000000,COMPLETED,188,4512
86,87,2012-02-07 22:06:50+00:00,2012-02-07 22:08:03+00:00,2012-02-07 22:48:04+00:00,0 days 00:40:00.000000000,TIMEOUT,128,3072
46,46,2012-02-07 22:09:43+00:00,2012-02-07 22:10:37+00:00,2012-02-08 06:27:27+00:00,0 days 11:59:00.000000000,COMPLETED,188,4512
86,87,2012-02-07 22:20:38+00:00,2012-02-07 22:20:59+00:00,2012-02-07 22:21:29+00:00,0 days 01:00:00.000000000,COMPLETED,64,1536
86,87,2012-02-07 22:24:07+00:00,2012-02-07 22:24:39+00:00,2012-02-07 23:02:30+00:00,0 days 01:00:00.000000000,COMPLETED,64,1536
143,144,2012-02-07 22:44:07+00:00,2012-02-07 22:48:32+00:00,2012-02-07 22:49:35+00:00,0 days 01:00:00.000000000,COMPLETED,150,3600
408,415,2012-02-07 23:06:23+00:00,2012-02-07 23:06:38+00:00,2012-02-07 23:19:57+00:00,0 days 01:00:00.000000000,COMPLETED,25,600
86,87,2012-02-08 00:04:08+00:00,2012-02-08 00:04:33+00:00,2012-02-08 00:08:46+00:00,0 days 00:30:00.000000000,COMPLETED,43,1032
86,87,2012-02-08 00:06:54+00:00,2012-02-08 00:07:09+00:00,2012-02-08 00:08:13+00:00,0 days 01:00:00.000000000,COMPLETED,64,1536
86,87,2012-02-08 00:10:40+00:00,2012-02-08 00:10:47+00:00,2012-02-08 00:19:40+00:00,0 days 01:00:00.000000000,CANCELLED,64,1536
86,87,2012-02-08 00:20:11+00:00,2012-02-08 00:20:37+00:00,2012-02-08 01:20:38+00:00,0 days 01:00:00.000000000,TIMEOUT,128,3072
86,87,2012-02-08 03:31:00+00:00,2012-02-08 03:31:24+00:00,2012-02-08 03:58:39+00:00,0 days 00:30:00.000000000,CANCELLED,64,1536
86,87,2012-02-08 03:31:10+00:00,2012-02-08 03:31:24+00:00,2012-02-08 03:32:33+00:00,0 days 02:00:00.000000000,COMPLETED,43,1032
86,87,2012-02-08 03:33:59+00:00,2012-02-08 03:34:01+00:00,2012-02-08 03:39:24+00:00,0 days 02:00:00.000000000,COMPLETED,43,1032
86,87,2012-02-08 04:12:43+00:00,2012-02-08 04:12:47+00:00,2012-02-08 04:13:50+00:00,0 days 01:00:00.000000000,COMPLETED,256,6144
86,87,2012-02-08 04:22:20+00:00,2012-02-08 04:22:37+00:00,2012-02-08 04:23:41+00:00,0 days 01:00:00.000000000,COMPLETED,256,6144
86,87,2012-02-08 04:25:29+00:00,2012-02-08 04:25:47+00:00,2012-02-08 05:13:32+00:00,0 days 01:00:00.000000000,CANCELLED,256,6144
86,87,2012-02-08 04:31:51+00:00,2012-02-08 04:32:03+00:00,2012-02-08 04:34:32+00:00,0 days 00:20:00.000000000,COMPLETED,43,1032
86,87,2012-02-08 04:41:48+00:00,2012-02-08 04:41:56+00:00,2012-02-08 04:42:56+00:00,0 days 01:00:00.000000000,COMPLETED,64,1536
86,87,2012-02-08 04:43:21+00:00,2012-02-08 04:43:32+00:00,2012-02-08 04:43:34+00:00,0 days 01:00:00.000000000,COMPLETED,64,1536
86,87,2012-02-08 04:44:40+00:00,2012-02-08 04:45:07+00:00,2012-02-08 04:52:40+00:00,0 days 01:00:00.000000000,CANCELLED,64,1536
86,87,2012-02-08 04:53:03+00:00,2012-02-08 04:53:27+00:00,2012-02-08 04:57:29+00:00,0 days 00:20:00.000000000,COMPLETED,43,1032
86,87,2012-02-08 05:17:59+00:00,2012-02-08 05:23:31+00:00,2012-02-08 13:20:25+00:00,0 days 16:00:00.000000000,COMPLETED,512,12288
86,87,2012-02-08 05:24:10+00:00,2012-02-08 05:24:33+00:00,2012-02-08 05:25:10+00:00,0 days 16:00:00.000000000,COMPLETED,300,7200
86,87,2012-02-08 05:25:22+00:00,2012-02-08 05:25:35+00:00,2012-02-08 05:25:42+00:00,0 days 16:00:00.000000000,COMPLETED,300,7200
86,87,2012-02-08 05:27:16+00:00,2012-02-08 05:27:40+00:00,2012-02-08 15:42:19+00:00,0 days 16:00:00.000000000,CANCELLED,300,7200
86,87,2012-02-08 05:29:36+00:00,2012-02-08 05:29:44+00:00,2012-02-08 05:34:02+00:00,0 days 00:20:00.000000000,COMPLETED,43,1032
45,45,2012-02-08 06:23:40+00:00,2012-02-08 06:24:02+00:00,2012-02-08 22:24:04+00:00,0 days 16:00:00.000000000,TIMEOUT,43,1032
86,87,2012-02-08 13:30:01+00:00,2012-02-08 13:30:16+00:00,2012-02-08 13:31:31+00:00,0 days 16:00:00.000000000,COMPLETED,768,18432
86,87,2012-02-08 13:31:56+00:00,2012-02-08 13:32:22+00:00,2012-02-09 05:32:23+00:00,0 days 16:00:00.000000000,TIMEOUT,768,18432
86,87,2012-02-08 13:41:28+00:00,2012-02-08 13:41:45+00:00,2012-02-08 13:42:30+00:00,0 days 01:00:00.000000000,CANCELLED,342,8208
86,87,2012-02-08 13:42:55+00:00,2012-02-08 13:43:21+00:00,2012-02-08 14:04:57+00:00,0 days 01:00:00.000000000,COMPLETED,342,8208
86,87,2012-02-08 14:10:09+00:00,2012-02-08 14:10:17+00:00,2012-02-08 14:10:50+00:00,0 days 01:00:00.000000000,COMPLETED,171,4104
86,87,2012-02-08 14:10:59+00:00,2012-02-08 14:11:21+00:00,2012-02-08 14:11:24+00:00,0 days 01:00:00.000000000,COMPLETED,171,4104
86,87,2012-02-08 14:11:38+00:00,2012-02-08 14:11:53+00:00,2012-02-08 14:11:56+00:00,0 days 01:00:00.000000000,COMPLETED,171,4104
86,87,2012-02-08 14:14:30+00:00,2012-02-08 14:15:01+00:00,2012-02-08 14:31:04+00:00,0 days 01:00:00.000000000,COMPLETED,171,4104
46,46,2012-02-08 14:19:51+00:00,2012-02-08 14:20:15+00:00,2012-02-08 14:21:49+00:00,0 days 11:59:00.000000000,COMPLETED,188,4512
46,46,2012-02-08 14:22:27+00:00,2012-02-08 14:22:55+00:00,2012-02-08 21:06:09+00:00,0 days 11:59:00.000000000,COMPLETED,188,4512
102,103,2012-02-08 15:07:47+00:00,2012-02-08 15:07:58+00:00,2012-02-08 15:08:02+00:00,0 days 16:00:00.000000000,CANCELLED,150,3600
102,103,2012-02-08 15:08:47+00:00,2012-02-08 15:09:03+00:00,2012-02-08 15:09:06+00:00,0 days 16:00:00.000000000,COMPLETED,150,3600
102,103,2012-02-08 15:11:38+00:00,2012-02-08 15:11:40+00:00,2012-02-09 07:11:41+00:00,0 days 16:00:00.000000000,TIMEOUT,150,3600
23,23,2012-02-08 15:41:39+00:00,2012-02-08 15:41:44+00:00,2012-02-08 16:04:09+00:00,0 days 01:00:00.000000000,CANCELLED,6,144
45,45,2012-02-08 15:52:09+00:00,2012-02-08 15:52:39+00:00,2012-02-09 07:52:40+00:00,0 days 16:00:00.000000000,TIMEOUT,43,1032
23,23,2012-02-08 16:04:12+00:00,2012-02-08 16:04:34+00:00,2012-02-08 16:06:11+00:00,0 days 16:00:00.000000000,CANCELLED,6,144
23,23,2012-02-08 16:07:04+00:00,2012-02-08 16:07:12+00:00,2012-02-08 16:45:36+00:00,0 days 16:00:00.000000000,COMPLETED,7,168
143,144,2012-02-08 16:28:59+00:00,2012-02-08 16:29:29+00:00,2012-02-08 16:29:42+00:00,0 days 01:00:00.000000000,COMPLETED,150,3600
143,144,2012-02-08 16:37:21+00:00,2012-02-08 16:37:50+00:00,2012-02-08 16:38:52+00:00,0 days 01:00:00.000000000,COMPLETED,150,3600
143,144,2012-02-08 16:52:44+00:00,2012-02-08 16:52:57+00:00,2012-02-08 17:52:58+00:00,0 days 01:00:00.000000000,TIMEOUT,150,3600
408,415,2012-02-08 16:58:59+00:00,2012-02-08 16:59:11+00:00,2012-02-08 17:59:12+00:00,0 days 01:00:00.000000000,TIMEOUT,2,48
23,23,2012-02-08 17:12:02+00:00,2012-02-08 17:12:08+00:00,2012-02-08 17:43:37+00:00,0 days 16:00:00.000000000,COMPLETED,7,168
93,94,2012-02-08 17:46:42+00:00,2012-02-08 17:46:51+00:00,2012-02-09 04:43:40+00:00,0 days 16:00:00.000000000,COMPLETED,22,528
71,71,2012-02-08 18:11:21+00:00,2012-02-13 19:39:14+00:00,2012-02-13 19:40:21+00:00,0 days 16:00:00.000000000,COMPLETED,576,13824
23,23,2012-02-08 18:29:58+00:00,2012-02-08 18:30:18+00:00,2012-02-08 19:00:04+00:00,0 days 16:00:00.000000000,COMPLETED,7,168
100,101,2012-02-08 18:31:31+00:00,2012-02-08 18:31:53+00:00,2012-02-08 18:31:59+00:00,0 days 16:00:00.000000000,COMPLETED,25,600
100,101,2012-02-08 18:34:14+00:00,2012-02-08 18:34:30+00:00,2012-02-09 10:34:31+00:00,0 days 16:00:00.000000000,TIMEOUT,25,600
143,144,2012-02-08 18:49:54+00:00,2012-02-08 18:50:05+00:00,2012-02-08 18:50:17+00:00,0 days 12:00:00.000000000,COMPLETED,150,3600
143,144,2012-02-08 18:51:52+00:00,2012-02-08 18:52:11+00:00,2012-02-09 06:52:12+00:00,0 days 12:00:00.000000000,TIMEOUT,150,3600
23,23,2012-02-08 19:16:56+00:00,2012-02-08 19:17:06+00:00,2012-02-08 19:36:21+00:00,0 days 16:00:00.000000000,COMPLETED,7,168
89,90,2012-02-08 19:30:23+00:00,2012-02-08 21:06:19+00:00,2012-02-08 21:07:37+00:00,0 days 16:00:00.000000000,COMPLETED,200,4800
144,145,2012-02-08 19:55:47+00:00,2012-02-08 19:55:59+00:00,2012-02-08 23:56:00+00:00,0 days 04:00:00.000000000,TIMEOUT,6,144
46,46,2012-02-08 21:43:30+00:00,2012-02-08 21:43:38+00:00,2012-02-08 21:45:08+00:00,0 days 11:59:00.000000000,COMPLETED,188,4512
46,46,2012-02-08 21:46:50+00:00,2012-02-08 21:47:19+00:00,2012-02-09 04:17:13+00:00,0 days 11:59:00.000000000,COMPLETED,188,4512
89,90,2012-02-08 22:23:37+00:00,2012-02-08 22:24:38+00:00,2012-02-08 22:25:06+00:00,0 days 16:00:00.000000000,COMPLETED,200,4800
23,23,2012-02-08 22:34:44+00:00,2012-02-08 22:35:03+00:00,2012-02-08 23:19:44+00:00,0 days 16:00:00.000000000,COMPLETED,7,168
408,415,2012-02-08 22:54:02+00:00,2012-02-08 22:54:14+00:00,2012-02-08 22:54:24+00:00,0 days 01:30:00.000000000,COMPLETED,25,600
408,415,2012-02-08 22:54:33+00:00,2012-02-08 22:54:46+00:00,2012-02-08 22:55:46+00:00,0 days 01:00:00.000000000,COMPLETED,25,600
408,415,2012-02-08 22:57:42+00:00,2012-02-08 22:57:55+00:00,2012-02-08 22:58:26+00:00,0 days 00:15:00.000000000,COMPLETED,2,48
89,90,2012-02-08 23:10:33+00:00,2012-02-08 23:10:55+00:00,2012-02-08 23:12:14+00:00,0 days 16:00:00.000000000,COMPLETED,200,4800
89,90,2012-02-08 23:37:58+00:00,2012-02-08 23:38:26+00:00,2012-02-08 23:39:44+00:00,0 days 16:00:00.000000000,COMPLETED,200,4800
16,16,2012-02-08 23:41:16+00:00,2012-02-08 23:42:06+00:00,2012-02-08 23:59:20+00:00,0 days 01:00:00.000000000,COMPLETED,24,576
89,90,2012-02-08 23:53:09+00:00,2012-02-08 23:53:32+00:00,2012-02-08 23:54:29+00:00,0 days 16:00:00.000000000,COMPLETED,200,4800
89,90,2012-02-08 23:54:44+00:00,2012-02-08 23:55:08+00:00,2012-02-08 23:55:35+00:00,0 days 16:00:00.000000000,COMPLETED,200,4800
89,90,2012-02-08 23:58:14+00:00,2012-02-08 23:58:39+00:00,2012-02-08 23:59:39+00:00,0 days 16:00:00.000000000,CANCELLED,200,4800
89,90,2012-02-09 00:00:24+00:00,2012-02-09 00:00:47+00:00,2012-02-09 13:51:08+00:00,0 days 16:00:00.000000000,COMPLETED,200,4800
16,16,2012-02-09 00:25:08+00:00,2012-02-09 20:35:27+00:00,2012-02-09 21:01:26+00:00,0 days 01:00:00.000000000,COMPLETED,24,576
16,16,2012-02-09 00:25:16+00:00,2012-02-09 20:36:29+00:00,2012-02-09 21:01:39+00:00,0 days 01:00:00.000000000,COMPLETED,128,3072
16,16,2012-02-09 00:25:25+00:00,2012-02-09 20:36:29+00:00,2012-02-09 21:01:05+00:00,0 days 01:00:00.000000000,COMPLETED,24,576
86,87,2012-02-09 04:52:11+00:00,2012-02-09 04:52:32+00:00,2012-02-09 04:53:37+00:00,0 days 01:00:00.000000000,COMPLETED,171,4104
86,87,2012-02-09 04:53:17+00:00,2012-02-09 04:54:08+00:00,2012-02-09 04:54:14+00:00,0 days 01:00:00.000000000,COMPLETED,171,4104
86,87,2012-02-09 04:54:48+00:00,2012-02-09 04:55:12+00:00,2012-02-09 05:25:16+00:00,0 days 01:00:00.000000000,CANCELLED,171,4104
46,46,2012-02-09 04:57:35+00:00,2012-02-09 05:25:54+00:00,2012-02-09 12:01:44+00:00,0 days 11:59:00.000000000,COMPLETED,188,4512
86,87,2012-02-09 04:58:00+00:00,2012-02-09 05:32:59+00:00,2012-02-09 15:34:33+00:00,0 days 16:00:00.000000000,CANCELLED,768,18432
106,107,2012-02-09 05:14:54+00:00,2012-02-09 05:14:57+00:00,2012-02-09 05:17:30+00:00,0 days 00:59:00.000000000,COMPLETED,11,264
106,107,2012-02-09 05:35:48+00:00,2012-02-09 05:36:07+00:00,2012-02-09 05:42:46+00:00,0 days 00:59:00.000000000,COMPLETED,11,264
106,107,2012-02-09 05:57:26+00:00,2012-02-09 05:57:56+00:00,2012-02-09 06:18:34+00:00,0 days 01:30:00.000000000,COMPLETED,11,264
86,87,2012-02-09 06:39:18+00:00,2012-02-09 06:52:39+00:00,2012-02-09 07:26:48+00:00,0 days 01:00:00.000000000,COMPLETED,171,4104
106,107,2012-02-09 06:42:11+00:00,2012-02-09 06:42:29+00:00,2012-02-09 08:51:03+00:00,0 days 04:00:00.000000000,COMPLETED,11,264
106,107,2012-02-09 07:24:04+00:00,2012-02-09 07:24:10+00:00,2012-02-09 07:24:58+00:00,0 days 00:30:00.000000000,COMPLETED,22,528
106,107,2012-02-09 07:29:59+00:00,2012-02-09 07:30:26+00:00,2012-02-09 07:41:06+00:00,0 days 00:30:00.000000000,COMPLETED,22,528
106,107,2012-02-09 07:54:31+00:00,2012-02-09 07:54:48+00:00,2012-02-09 07:56:33+00:00,0 days 00:30:00.000000000,COMPLETED,22,528
106,107,2012-02-09 08:50:57+00:00,2012-02-09 08:51:14+00:00,2012-02-09 11:03:24+00:00,0 days 04:00:00.000000000,COMPLETED,11,264
106,107,2012-02-09 11:03:18+00:00,2012-02-09 11:03:34+00:00,2012-02-09 11:05:27+00:00,0 days 04:00:00.000000000,COMPLETED,11,264
46,46,2012-02-09 13:51:42+00:00,2012-02-09 13:52:14+00:00,2012-02-09 13:53:45+00:00,0 days 11:59:00.000000000,COMPLETED,188,4512
46,46,2012-02-09 13:56:10+00:00,2012-02-09 13:56:25+00:00,2012-02-09 15:34:33+00:00,0 days 11:59:00.000000000,CANCELLED,188,4512
86,87,2012-02-09 14:12:31+00:00,2012-02-09 14:13:01+00:00,2012-02-09 14:13:35+00:00,0 days 01:00:00.000000000,COMPLETED,171,4104
127,176,2012-02-09 14:13:38+00:00,2012-02-09 14:14:05+00:00,2012-02-09 14:36:06+00:00,0 days 00:22:00.000000000,TIMEOUT,1,24
86,87,2012-02-09 14:16:38+00:00,2012-02-09 14:16:42+00:00,2012-02-09 14:25:38+00:00,0 days 01:00:00.000000000,COMPLETED,171,4104
86,87,2012-02-09 14:23:13+00:00,2012-02-09 14:23:28+00:00,2012-02-09 14:23:30+00:00,0 days 00:30:00.000000000,COMPLETED,128,3072
86,87,2012-02-09 14:24:03+00:00,2012-02-09 14:24:32+00:00,2012-02-09 14:26:04+00:00,0 days 00:30:00.000000000,COMPLETED,128,3072
86,87,2012-02-09 14:33:12+00:00,2012-02-09 14:33:25+00:00,2012-02-09 14:34:56+00:00,0 days 00:30:00.000000000,CANCELLED,128,3072
86,87,2012-02-09 14:34:05+00:00,2012-02-09 14:34:29+00:00,2012-02-09 14:35:29+00:00,0 days 00:30:00.000000000,CANCELLED,128,3072
86,87,2012-02-09 14:35:36+00:00,2012-02-09 14:36:05+00:00,2012-02-09 14:45:05+00:00,0 days 00:30:00.000000000,COMPLETED,128,3072
102,103,2012-02-09 14:40:35+00:00,2012-02-09 14:40:52+00:00,2012-02-09 14:41:54+00:00,0 days 16:00:00.000000000,COMPLETED,150,3600
102,103,2012-02-09 14:54:04+00:00,2012-02-09 14:54:28+00:00,2012-02-09 14:55:31+00:00,0 days 16:00:00.000000000,COMPLETED,150,3600
102,103,2012-02-09 14:54:31+00:00,2012-02-09 14:55:00+00:00,2012-02-09 14:56:02+00:00,0 days 16:00:00.000000000,COMPLETED,150,3600
102,103,2012-02-09 14:59:55+00:00,2012-02-09 15:00:14+00:00,2012-02-09 15:01:17+00:00,0 days 16:00:00.000000000,COMPLETED,150,3600
102,103,2012-02-09 15:00:05+00:00,2012-02-09 15:00:14+00:00,2012-02-09 15:00:32+00:00,0 days 16:00:00.000000000,COMPLETED,150,3600
86,87,2012-02-09 15:03:12+00:00,2012-02-09 15:03:25+00:00,2012-02-09 15:12:08+00:00,0 days 00:30:00.000000000,COMPLETED,171,4104
43,43,2012-02-09 15:07:55+00:00,2012-02-09 15:08:08+00:00,2012-02-09 15:08:22+00:00,0 days 01:00:00.000000000,COMPLETED,3,72
102,103,2012-02-09 15:08:58+00:00,2012-02-10 00:25:59+00:00,2012-02-10 00:26:12+00:00,0 days 16:00:00.000000000,COMPLETED,150,3600
43,43,2012-02-09 15:09:16+00:00,2012-02-10 00:25:59+00:00,2012-02-10 00:28:15+00:00,0 days 00:20:00.000000000,COMPLETED,2,48
102,103,2012-02-09 15:09:22+00:00,2012-02-10 00:25:59+00:00,2012-02-10 16:25:59+00:00,0 days 16:00:00.000000000,TIMEOUT,150,3600
43,43,2012-02-09 15:10:32+00:00,,2012-02-09 15:33:38+00:00,0 days 00:20:00.000000000,CANCELLED,32,768
86,87,2012-02-09 15:17:39+00:00,2012-02-10 00:26:31+00:00,2012-02-10 00:26:36+00:00,0 days 00:30:00.000000000,COMPLETED,171,4104
43,43,2012-02-09 15:33:29+00:00,2012-02-10 00:25:59+00:00,2012-02-10 00:26:11+00:00,0 days 00:30:00.000000000,COMPLETED,32,768
23,23,2012-02-09 15:51:06+00:00,2012-02-10 00:25:59+00:00,2012-02-10 03:48:52+00:00,0 days 16:00:00.000000000,COMPLETED,7,168
46,46,2012-02-09 16:37:03+00:00,2012-02-10 00:25:59+00:00,2012-02-10 00:38:52+00:00,0 days 11:59:00.000000000,CANCELLED,188,4512
16,16,2012-02-09 20:33:09+00:00,2012-02-09 20:37:00+00:00,2012-02-09 21:37:01+00:00,0 days 01:00:00.000000000,TIMEOUT,1000,24000
72,72,2012-02-09 23:37:09+00:00,2012-02-09 23:38:01+00:00,2012-02-09 23:38:02+00:00,0 days 00:04:00.000000000,COMPLETED,1,24
72,72,2012-02-09 23:37:09+00:00,2012-02-09 23:37:30+00:00,2012-02-09 23:37:34+00:00,0 days 00:04:00.000000000,COMPLETED,2,48
72,72,2012-02-09 23:37:10+00:00,2012-02-09 23:38:01+00:00,2012-02-09 23:38:11+00:00,0 days 00:01:00.000000000,COMPLETED,1,24
72,72,2012-02-09 23:37:12+00:00,2012-02-09 23:37:30+00:00,2012-02-09 23:37:53+00:00,0 days 00:40:00.000000000,COMPLETED,10,240
72,72,2012-02-09 23:37:13+00:00,2012-02-09 23:37:30+00:00,2012-02-09 23:37:32+00:00,0 days 00:01:00.000000000,COMPLETED,4,96
72,72,2012-02-09 23:37:14+00:00,2012-02-09 23:37:30+00:00,2012-02-09 23:37:34+00:00,0 days 00:05:00.000000000,COMPLETED,1,24
72,72,2012-02-09 23:37:15+00:00,2012-02-09 23:37:30+00:00,2012-02-09 23:38:25+00:00,0 days 00:10:00.000000000,COMPLETED,6,144
72,72,2012-02-09 23:37:39+00:00,2012-02-09 23:38:01+00:00,2012-02-09 23:40:59+00:00,0 days 01:00:00.000000000,COMPLETED,2,48
16,16,2012-02-09 23:38:04+00:00,2012-02-09 23:53:02+00:00,2012-02-09 23:54:05+00:00,0 days 01:00:00.000000000,COMPLETED,128,3072
72,72,2012-02-09 23:38:05+00:00,2012-02-09 23:38:32+00:00,2012-02-09 23:38:36+00:00,0 days 00:04:00.000000000,COMPLETED,2,48
72,72,2012-02-09 23:38:11+00:00,2012-02-09 23:38:32+00:00,2012-02-09 23:38:33+00:00,0 days 00:40:00.000000000,COMPLETED,10,240
72,72,2012-02-09 23:38:31+00:00,2012-02-09 23:38:32+00:00,2012-02-09 23:38:34+00:00,0 days 00:10:00.000000000,COMPLETED,5,120
72,72,2012-02-09 23:38:33+00:00,2012-02-09 23:39:03+00:00,2012-02-09 23:39:13+00:00,0 days 00:01:00.000000000,COMPLETED,1,24
72,72,2012-02-09 23:38:44+00:00,2012-02-09 23:39:03+00:00,2012-02-09 23:39:16+00:00,0 days 00:20:00.000000000,COMPLETED,10,240
72,72,2012-02-09 23:39:35+00:00,2012-02-09 23:40:05+00:00,2012-02-09 23:40:15+00:00,0 days 00:01:00.000000000,COMPLETED,1,24
72,72,2012-02-09 23:40:37+00:00,2012-02-09 23:41:07+00:00,2012-02-09 23:41:17+00:00,0 days 00:01:00.000000000,COMPLETED,1,24
72,72,2012-02-09 23:41:08+00:00,2012-02-09 23:41:38+00:00,2012-02-09 23:41:48+00:00,0 days 00:06:00.000000000,COMPLETED,1,24
72,72,2012-02-09 23:41:39+00:00,2012-02-09 23:42:09+00:00,2012-02-09 23:42:19+00:00,0 days 00:01:00.000000000,COMPLETED,2,48
72,72,2012-02-09 23:42:41+00:00,2012-02-09 23:43:11+00:00,2012-02-09 23:43:21+00:00,0 days 00:01:00.000000000,COMPLETED,2,48
72,72,2012-02-09 23:43:47+00:00,2012-02-09 23:44:13+00:00,2012-02-09 23:44:23+00:00,0 days 00:01:00.000000000,COMPLETED,2,48
72,72,2012-02-09 23:44:48+00:00,2012-02-09 23:45:15+00:00,2012-02-09 23:45:25+00:00,0 days 00:01:00.000000000,COMPLETED,2,48
72,72,2012-02-09 23:45:50+00:00,2012-02-09 23:46:19+00:00,2012-02-09 23:46:29+00:00,0 days 00:01:00.000000000,COMPLETED,2,48
72,72,2012-02-09 23:46:53+00:00,2012-02-09 23:47:21+00:00,2012-02-09 23:48:28+00:00,0 days 00:10:00.000000000,COMPLETED,1,24
72,72,2012-02-09 23:47:21+00:00,2012-02-09 23:47:52+00:00,2012-02-09 23:48:23+00:00,0 days 00:01:00.000000000,COMPLETED,1,24
72,72,2012-02-09 23:48:55+00:00,2012-02-09 23:49:25+00:00,2012-02-09 23:49:56+00:00,0 days 00:05:00.000000000,COMPLETED,1,24
340,420,2012-02-09 23:58:22+00:00,2012-02-09 23:58:43+00:00,2012-02-09 23:59:14+00:00,0 days 01:00:00.000000000,COMPLETED,1,24
340,420,2012-02-09 23:59:16+00:00,2012-02-09 23:59:45+00:00,2012-02-10 00:00:33+00:00,0 days 01:00:00.000000000,COMPLETED,1,24
340,420,2012-02-10 00:00:38+00:00,2012-02-10 00:00:47+00:00,2012-02-10 00:02:13+00:00,0 days 01:00:00.000000000,COMPLETED,1,24
340,420,2012-02-10 00:02:17+00:00,2012-02-10 00:02:20+00:00,2012-02-10 00:07:05+00:00,0 days 01:00:00.000000000,COMPLETED,1,24
340,420,2012-02-10 00:07:18+00:00,2012-02-10 00:07:30+00:00,2012-02-10 00:13:52+00:00,0 days 00:10:00.000000000,COMPLETED,2,48
16,16,2012-02-10 00:13:50+00:00,2012-02-10 00:14:44+00:00,2012-02-10 04:14:45+00:00,0 days 04:00:00.000000000,TIMEOUT,1000,24000
127,176,2012-02-10 01:03:55+00:00,2012-02-10 01:04:25+00:00,2012-02-10 01:04:59+00:00,0 days 01:00:00.000000000,COMPLETED,1,24
127,176,2012-02-10 01:11:46+00:00,2012-02-10 01:12:14+00:00,2012-02-10 01:14:12+00:00,0 days 01:00:00.000000000,COMPLETED,1,24
86,87,2012-02-10 01:35:24+00:00,2012-02-10 01:35:35+00:00,2012-02-10 01:36:47+00:00,0 days 00:40:00.000000000,COMPLETED,171,4104
86,87,2012-02-10 01:38:11+00:00,2012-02-10 01:38:14+00:00,2012-02-10 01:52:37+00:00,0 days 00:40:00.000000000,COMPLETED,171,4104
86,87,2012-02-10 01:54:52+00:00,2012-02-10 01:55:23+00:00,2012-02-10 01:56:02+00:00,0 days 16:00:00.000000000,COMPLETED,300,7200
86,87,2012-02-10 01:56:25+00:00,2012-02-10 01:56:27+00:00,2012-02-10 01:56:34+00:00,0 days 16:00:00.000000000,COMPLETED,300,7200
86,87,2012-02-10 01:58:52+00:00,2012-02-10 01:59:05+00:00,2012-02-10 02:11:33+00:00,0 days 16:00:00.000000000,COMPLETED,300,7200
86,87,2012-02-10 02:15:21+00:00,2012-02-10 02:15:45+00:00,2012-02-10 15:18:04+00:00,0 days 16:00:00.000000000,CANCELLED,300,7200
45,45,2012-02-10 04:02:48+00:00,2012-02-10 04:02:51+00:00,2012-02-10 06:02:52+00:00,0 days 02:00:00.000000000,TIMEOUT,3,72
46,46,2012-02-10 04:03:13+00:00,2012-02-10 04:15:32+00:00,2012-02-10 11:27:23+00:00,0 days 11:59:00.000000000,COMPLETED,188,4512
86,87,2012-02-10 04:14:24+00:00,2012-02-10 04:15:32+00:00,2012-02-10 04:43:16+00:00,0 days 16:00:00.000000000,CANCELLED,768,18432
86,87,2012-02-10 04:43:18+00:00,2012-02-10 04:44:00+00:00,2012-02-10 14:43:54+00:00,0 days 16:00:00.000000000,CANCELLED,768,18432
43,43,2012-02-10 05:02:35+00:00,2012-02-10 05:02:41+00:00,2012-02-10 05:11:51+00:00,0 days 00:30:00.000000000,CANCELLED,32,768
43,43,2012-02-10 05:02:45+00:00,2012-02-10 05:03:13+00:00,2012-02-10 05:11:55+00:00,0 days 00:30:00.000000000,CANCELLED,32,768
43,43,2012-02-10 05:11:20+00:00,2012-02-10 05:11:30+00:00,2012-02-10 05:11:59+00:00,0 days 00:30:00.000000000,CANCELLED,32,768
43,43,2012-02-10 05:11:36+00:00,2012-02-10 05:12:02+00:00,2012-02-10 05:12:03+00:00,0 days 00:30:00.000000000,CANCELLED,32,768
43,43,2012-02-10 05:12:46+00:00,2012-02-10 05:13:07+00:00,2012-02-10 05:43:08+00:00,0 days 00:30:00.000000000,TIMEOUT,32,768
43,43,2012-02-10 05:12:52+00:00,2012-02-10 05:13:07+00:00,2012-02-10 05:43:08+00:00,0 days 00:30:00.000000000,TIMEOUT,32,768
45,45,2012-02-10 06:03:27+00:00,2012-02-10 06:03:58+00:00,2012-02-10 08:03:58+00:00,0 days 02:00:00.000000000,TIMEOUT,3,72
45,45,2012-02-10 13:44:16+00:00,2012-02-10 13:44:45+00:00,2012-02-10 15:44:46+00:00,0 days 02:00:00.000000000,TIMEOUT,3,72
46,46,2012-02-10 14:08:23+00:00,2012-02-10 14:08:39+00:00,2012-02-10 14:10:10+00:00,0 days 11:59:00.000000000,COMPLETED,188,4512
46,46,2012-02-10 14:19:23+00:00,2012-02-10 14:19:35+00:00,2012-02-10 14:20:15+00:00,0 days 11:59:00.000000000,COMPLETED,188,4512
43,43,2012-02-10 14:20:14+00:00,2012-02-10 14:20:39+00:00,2012-02-10 14:21:02+00:00,0 days 00:30:00.000000000,COMPLETED,32,768
46,46,2012-02-10 14:22:55+00:00,2012-02-10 14:23:17+00:00,2012-02-10 14:31:17+00:00,0 days 11:59:00.000000000,CANCELLED,188,4512
43,43,2012-02-10 14:25:00+00:00,2012-02-10 14:25:23+00:00,2012-02-10 14:55:24+00:00,0 days 00:30:00.000000000,TIMEOUT,32,768
43,43,2012-02-10 14:29:11+00:00,2012-02-10 14:29:34+00:00,2012-02-10 14:59:35+00:00,0 days 00:30:00.000000000,TIMEOUT,32,768
46,46,2012-02-10 14:31:50+00:00,2012-02-10 14:32:12+00:00,2012-02-10 21:45:05+00:00,0 days 11:59:00.000000000,COMPLETED,188,4512
127,176,2012-02-10 14:40:04+00:00,2012-02-10 14:40:32+00:00,2012-02-10 14:55:57+00:00,0 days 01:00:00.000000000,COMPLETED,1,24
86,87,2012-02-10 14:44:06+00:00,2012-02-10 14:44:41+00:00,2012-02-11 05:06:42+00:00,0 days 16:00:00.000000000,CANCELLED,768,18432
127,176,2012-02-10 14:56:13+00:00,2012-02-10 14:56:30+00:00,2012-02-10 15:56:31+00:00,0 days 01:00:00.000000000,TIMEOUT,1,24
45,45,2012-02-10 15:07:53+00:00,2012-02-10 15:07:58+00:00,2012-02-11 07:07:59+00:00,0 days 16:00:00.000000000,TIMEOUT,43,1032
86,87,2012-02-10 15:22:50+00:00,2012-02-10 15:23:00+00:00,2012-02-10 15:23:41+00:00,0 days 00:30:00.000000000,CANCELLED,171,4104
86,87,2012-02-10 15:24:07+00:00,2012-02-10 15:24:36+00:00,2012-02-10 15:40:04+00:00,0 days 00:30:00.000000000,COMPLETED,171,4104
43,43,2012-02-10 15:27:47+00:00,2012-02-10 15:28:15+00:00,2012-02-10 15:58:16+00:00,0 days 00:30:00.000000000,TIMEOUT,32,768
43,43,2012-02-10 15:28:25+00:00,2012-02-10 15:28:47+00:00,2012-02-10 15:58:48+00:00,0 days 00:30:00.000000000,TIMEOUT,32,768
23,23,2012-02-10 15:38:59+00:00,2012-02-10 15:39:09+00:00,2012-02-10 16:57:17+00:00,0 days 16:00:00.000000000,COMPLETED,7,168
23,23,2012-02-10 16:01:26+00:00,2012-02-10 16:01:28+00:00,2012-02-10 16:01:49+00:00,0 days 10:00:00.000000000,COMPLETED,1,24
23,23,2012-02-10 16:15:03+00:00,2012-02-10 16:15:31+00:00,2012-02-10 16:32:51+00:00,0 days 10:00:00.000000000,CANCELLED,1,24
23,23,2012-02-10 16:32:54+00:00,2012-02-10 16:33:20+00:00,2012-02-10 22:12:05+00:00,0 days 10:00:00.000000000,CANCELLED,1,24
23,23,2012-02-10 17:55:57+00:00,2012-02-10 17:56:09+00:00,2012-02-10 19:29:03+00:00,0 days 16:00:00.000000000,COMPLETED,7,168
45,45,2012-02-10 17:58:16+00:00,2012-02-10 17:58:46+00:00,2012-02-10 17:59:30+00:00,0 days 00:30:00.000000000,COMPLETED,342,8208
45,45,2012-02-10 18:11:31+00:00,2012-02-10 18:11:46+00:00,2012-02-10 18:12:53+00:00,0 days 00:30:00.000000000,COMPLETED,342,8208
23,23,2012-02-10 18:27:02+00:00,2012-02-10 18:27:20+00:00,2012-02-10 18:30:42+00:00,0 days 10:00:00.000000000,CANCELLED,1,24
23,23,2012-02-10 18:31:21+00:00,2012-02-10 18:31:31+00:00,2012-02-10 21:10:32+00:00,0 days 10:00:00.000000000,COMPLETED,1,24
23,23,2012-02-10 19:41:07+00:00,2012-02-10 19:41:27+00:00,2012-02-10 19:42:50+00:00,0 days 16:00:00.000000000,COMPLETED,7,168
100,101,2012-02-10 19:54:22+00:00,2012-02-10 19:54:29+00:00,2012-02-10 20:19:00+00:00,0 days 02:00:00.000000000,CANCELLED,25,600
100,101,2012-02-10 20:17:55+00:00,2012-02-10 20:18:17+00:00,2012-02-10 20:18:19+00:00,0 days 02:00:00.000000000,COMPLETED,5,120
100,101,2012-02-10 20:19:06+00:00,2012-02-10 20:19:21+00:00,2012-02-10 20:38:14+00:00,0 days 02:00:00.000000000,COMPLETED,5,120
89,90,2012-02-10 20:27:58+00:00,2012-02-10 20:28:11+00:00,2012-02-10 20:29:27+00:00,0 days 02:00:00.000000000,COMPLETED,200,4800
89,90,2012-02-10 20:30:07+00:00,2012-02-10 20:30:19+00:00,2012-02-10 21:11:41+00:00,0 days 02:00:00.000000000,COMPLETED,200,4800
102,103,2012-02-10 21:02:30+00:00,2012-02-10 21:45:29+00:00,2012-02-10 21:46:38+00:00,0 days 16:00:00.000000000,COMPLETED,752,18048
23,23,2012-02-10 21:04:40+00:00,2012-02-10 21:05:04+00:00,2012-02-10 22:13:49+00:00,0 days 16:00:00.000000000,COMPLETED,2,48
46,46,2012-02-10 21:51:16+00:00,2012-02-10 21:51:46+00:00,2012-02-10 21:53:17+00:00,0 days 11:59:00.000000000,COMPLETED,188,4512
46,46,2012-02-10 22:12:12+00:00,2012-02-10 22:12:32+00:00,2012-02-10 22:13:13+00:00,0 days 11:59:00.000000000,COMPLETED,188,4512
23,23,2012-02-10 22:12:33+00:00,2012-02-10 22:13:04+00:00,2012-02-11 08:13:05+00:00,0 days 10:00:00.000000000,TIMEOUT,1,24
23,23,2012-02-10 22:13:45+00:00,2012-02-10 22:14:08+00:00,2012-02-10 22:45:44+00:00,0 days 10:00:00.000000000,CANCELLED,1,24
46,46,2012-02-10 22:16:13+00:00,2012-02-10 22:16:45+00:00,2012-02-11 05:03:05+00:00,0 days 11:59:00.000000000,COMPLETED,188,4512
23,23,2012-02-10 22:17:17+00:00,2012-02-10 22:17:49+00:00,2012-02-10 22:17:57+00:00,0 days 16:00:00.000000000,COMPLETED,2,48
43,43,2012-02-10 22:17:20+00:00,2012-02-10 22:17:49+00:00,2012-02-10 22:47:50+00:00,0 days 00:30:00.000000000,TIMEOUT,32,768
106,107,2012-02-10 22:19:31+00:00,2012-02-10 22:19:56+00:00,2012-02-10 22:21:37+00:00,0 days 00:30:00.000000000,COMPLETED,22,528
23,23,2012-02-10 22:22:52+00:00,2012-02-10 22:23:05+00:00,2012-02-10 22:23:11+00:00,0 days 16:00:00.000000000,COMPLETED,2,48
23,23,2012-02-10 22:24:09+00:00,2012-02-10 22:24:40+00:00,2012-02-10 23:36:56+00:00,0 days 16:00:00.000000000,COMPLETED,7,168
106,107,2012-02-10 22:34:30+00:00,2012-02-10 22:34:33+00:00,2012-02-10 22:44:33+00:00,0 days 00:30:00.000000000,COMPLETED,22,528
43,43,2012-02-10 23:23:19+00:00,2012-02-10 23:23:40+00:00,2012-02-10 23:27:44+00:00,0 days 00:20:00.000000000,COMPLETED,32,768
20,20,2012-02-10 23:46:35+00:00,2012-02-10 23:47:01+00:00,2012-02-10 23:49:08+00:00,0 days 01:00:00.000000000,CANCELLED,1,24
102,103,2012-02-10 23:47:47+00:00,2012-02-11 05:07:56+00:00,2012-02-11 07:45:44+00:00,0 days 16:00:00.000000000,CANCELLED,752,18048
86,87,2012-02-11 00:13:35+00:00,2012-02-11 00:14:01+00:00,2012-02-11 00:15:03+00:00,0 days 00:30:00.000000000,COMPLETED,171,4104
86,87,2012-02-11 00:19:42+00:00,2012-02-11 00:19:46+00:00,2012-02-11 00:20:50+00:00,0 days 00:30:00.000000000,COMPLETED,128,3072
43,43,2012-02-11 00:21:07+00:00,2012-02-11 00:21:22+00:00,2012-02-11 00:36:33+00:00,0 days 00:30:00.000000000,CANCELLED,32,768
86,87,2012-02-11 00:21:31+00:00,2012-02-11 00:21:54+00:00,2012-02-11 00:32:20+00:00,0 days 00:30:00.000000000,COMPLETED,128,3072
43,43,2012-02-11 00:25:44+00:00,2012-02-11 00:26:04+00:00,2012-02-11 00:38:50+00:00,0 days 00:30:00.000000000,CANCELLED,32,768
86,87,2012-02-11 00:33:28+00:00,2012-02-11 00:33:52+00:00,2012-02-11 00:34:54+00:00,0 days 00:30:00.000000000,COMPLETED,171,4104
86,87,2012-02-11 00:35:54+00:00,2012-02-11 00:36:00+00:00,2012-02-11 00:51:28+00:00,0 days 00:30:00.000000000,COMPLETED,171,4104
43,43,2012-02-11 00:36:38+00:00,2012-02-11 00:37:04+00:00,2012-02-11 01:07:05+00:00,0 days 00:30:00.000000000,TIMEOUT,32,768
43,43,2012-02-11 00:38:24+00:00,2012-02-11 00:38:40+00:00,2012-02-11 01:08:41+00:00,0 days 00:30:00.000000000,TIMEOUT,32,768
86,87,2012-02-11 01:00:41+00:00,2012-02-11 01:01:02+00:00,2012-02-11 01:01:35+00:00,0 days 00:30:00.000000000,COMPLETED,128,3072
86,87,2012-02-11 01:01:53+00:00,2012-02-11 01:02:06+00:00,2012-02-11 01:02:09+00:00,0 days 00:30:00.000000000,COMPLETED,128,3072
102,103,2012-02-11 01:02:39+00:00,2012-02-11 05:07:24+00:00,2012-02-11 05:07:46+00:00,0 days 16:00:00.000000000,COMPLETED,1029,24696
86,87,2012-02-11 01:16:28+00:00,2012-02-11 01:16:33+00:00,2012-02-11 01:17:05+00:00,0 days 00:30:00.000000000,COMPLETED,128,3072
86,87,2012-02-11 01:19:44+00:00,2012-02-11 01:20:14+00:00,2012-02-11 01:30:44+00:00,0 days 00:30:00.000000000,COMPLETED,128,3072
86,87,2012-02-11 01:24:32+00:00,,2012-02-11 01:29:10+00:00,0 days 05:15:00.000000000,CANCELLED,450,10800
86,87,2012-02-11 01:29:19+00:00,2012-02-11 01:29:37+00:00,2012-02-11 05:13:41+00:00,0 days 05:10:00.000000000,CANCELLED,450,10800
43,43,2012-02-11 04:03:24+00:00,2012-02-11 05:03:15+00:00,2012-02-11 20:03:16+00:00,0 days 15:00:00.000000000,TIMEOUT,32,768
43,43,2012-02-11 04:03:48+00:00,2012-02-11 05:03:15+00:00,2012-02-11 20:03:16+00:00,0 days 15:00:00.000000000,TIMEOUT,32,768
86,87,2012-02-11 05:13:27+00:00,2012-02-11 05:14:14+00:00,2012-02-11 05:15:00+00:00,0 days 16:00:00.000000000,COMPLETED,704,16896
86,87,2012-02-11 05:14:57+00:00,2012-02-11 05:15:18+00:00,2012-02-11 05:15:30+00:00,0 days 16:00:00.000000000,COMPLETED,704,16896
86,87,2012-02-11 05:15:35+00:00,2012-02-11 05:15:50+00:00,2012-02-11 05:16:06+00:00,0 days 16:00:00.000000000,COMPLETED,704,16896
86,87,2012-02-11 05:16:02+00:00,2012-02-11 05:16:22+00:00,2012-02-11 21:16:23+00:00,0 days 16:00:00.000000000,TIMEOUT,704,16896
102,103,2012-02-11 07:38:27+00:00,,2012-02-11 07:39:10+00:00,0 days 16:00:00.000000000,CANCELLED,1029,24696
102,103,2012-02-11 07:39:20+00:00,2012-02-11 21:16:57+00:00,2012-02-11 21:17:20+00:00,0 days 16:00:00.000000000,COMPLETED,1029,24696
102,103,2012-02-11 07:39:52+00:00,2012-02-11 21:18:00+00:00,2012-02-11 21:18:08+00:00,0 days 16:00:00.000000000,COMPLETED,1029,24696
102,103,2012-02-11 07:40:10+00:00,2012-02-11 21:18:32+00:00,2012-02-11 21:18:39+00:00,0 days 16:00:00.000000000,COMPLETED,1029,24696
102,103,2012-02-11 07:40:27+00:00,2012-02-11 21:19:04+00:00,2012-02-11 22:10:07+00:00,0 days 16:00:00.000000000,CANCELLED,1029,24696
102,103,2012-02-11 07:40:44+00:00,,2012-02-11 22:09:56+00:00,0 days 16:00:00.000000000,CANCELLED,1029,24696
86,87,2012-02-11 14:14:42+00:00,2012-02-11 14:15:02+00:00,2012-02-11 14:15:35+00:00,0 days 00:30:00.000000000,COMPLETED,171,4104
86,87,2012-02-11 14:16:51+00:00,2012-02-11 14:17:09+00:00,2012-02-11 14:31:50+00:00,0 days 00:30:00.000000000,COMPLETED,171,4104
86,87,2012-02-11 14:44:19+00:00,2012-02-11 14:44:36+00:00,2012-02-11 14:45:38+00:00,0 days 00:30:00.000000000,COMPLETED,128,3072
86,87,2012-02-11 14:45:40+00:00,2012-02-11 14:46:12+00:00,2012-02-11 14:46:14+00:00,0 days 00:30:00.000000000,COMPLETED,128,3072
86,87,2012-02-11 14:49:22+00:00,2012-02-11 14:49:51+00:00,2012-02-11 14:50:03+00:00,0 days 00:30:00.000000000,COMPLETED,128,3072
23,23,2012-02-11 14:50:07+00:00,2012-02-11 14:50:23+00:00,2012-02-11 22:58:36+00:00,0 days 10:00:00.000000000,COMPLETED,1,24
23,23,2012-02-11 14:51:16+00:00,2012-02-11 14:51:27+00:00,2012-02-11 14:51:29+00:00,0 days 10:00:00.000000000,COMPLETED,1,24
86,87,2012-02-11 14:53:01+00:00,2012-02-11 14:53:03+00:00,2012-02-11 15:03:27+00:00,0 days 00:30:00.000000000,COMPLETED,128,3072
23,23,2012-02-11 15:21:19+00:00,2012-02-11 15:21:35+00:00,2012-02-11 15:21:37+00:00,0 days 16:00:00.000000000,COMPLETED,1,24
23,23,2012-02-11 15:21:20+00:00,2012-02-11 15:21:35+00:00,2012-02-11 15:21:37+00:00,0 days 16:00:00.000000000,COMPLETED,1,24
23,23,2012-02-11 15:23:02+00:00,2012-02-11 15:23:10+00:00,2012-02-11 15:23:11+00:00,0 days 16:00:00.000000000,COMPLETED,1,24
46,46,2012-02-11 16:14:11+00:00,,2012-02-11 16:16:22+00:00,0 days 11:59:00.000000000,CANCELLED,188,4512
46,46,2012-02-11 16:16:47+00:00,2012-02-11 21:16:57+00:00,2012-02-11 21:18:34+00:00,0 days 15:59:00.000000000,COMPLETED,188,4512
89,90,2012-02-11 19:21:25+00:00,,2012-02-11 19:28:45+00:00,0 days 02:00:00.000000000,CANCELLED,200,4800
89,90,2012-02-11 19:29:12+00:00,2012-02-11 19:29:23+00:00,2012-02-11 19:29:50+00:00,0 days 01:30:00.000000000,COMPLETED,200,4800
89,90,2012-02-11 19:31:59+00:00,2012-02-11 19:32:01+00:00,2012-02-11 20:14:41+00:00,0 days 01:30:00.000000000,COMPLETED,200,4800
89,90,2012-02-11 20:46:58+00:00,,2012-02-11 20:47:24+00:00,0 days 06:00:00.000000000,CANCELLED,120,2880
89,90,2012-02-11 20:47:40+00:00,2012-02-11 21:16:57+00:00,2012-02-11 23:03:06+00:00,0 days 02:00:00.000000000,COMPLETED,120,2880
45,45,2012-02-11 21:31:37+00:00,2012-02-11 21:32:04+00:00,2012-02-11 21:35:10+00:00,0 days 16:00:00.000000000,CANCELLED,43,1032
45,45,2012-02-11 21:37:03+00:00,2012-02-11 21:37:18+00:00,2012-02-12 13:37:19+00:00,0 days 16:00:00.000000000,TIMEOUT,43,1032
23,23,2012-02-11 22:26:24+00:00,2012-02-11 22:26:27+00:00,2012-02-12 01:31:00+00:00,0 days 04:00:00.000000000,COMPLETED,2,48
23,23,2012-02-11 23:02:48+00:00,2012-02-11 23:03:08+00:00,2012-02-11 23:03:13+00:00,0 days 10:00:00.000000000,COMPLETED,1,24
89,90,2012-02-11 23:31:18+00:00,2012-02-11 23:31:35+00:00,2012-02-11 23:31:52+00:00,0 days 02:00:00.000000000,COMPLETED,120,2880
46,46,2012-02-11 23:32:10+00:00,2012-02-11 23:32:37+00:00,2012-02-11 23:33:13+00:00,0 days 15:59:00.000000000,COMPLETED,188,4512
89,90,2012-02-11 23:32:20+00:00,2012-02-11 23:32:37+00:00,2012-02-12 01:15:53+00:00,0 days 02:00:00.000000000,COMPLETED,120,2880
46,46,2012-02-11 23:34:49+00:00,2012-02-11 23:35:12+00:00,2012-02-12 06:05:04+00:00,0 days 15:59:00.000000000,COMPLETED,188,4512
43,43,2012-02-12 00:19:57+00:00,2012-02-12 00:20:11+00:00,2012-02-12 01:02:13+00:00,0 days 15:00:00.000000000,CANCELLED,64,1536
43,43,2012-02-12 00:20:16+00:00,2012-02-12 00:20:42+00:00,2012-02-12 01:32:33+00:00,0 days 15:00:00.000000000,CANCELLED,64,1536
102,103,2012-02-12 00:34:38+00:00,2012-02-12 00:34:39+00:00,2012-02-12 00:48:21+00:00,0 days 04:00:00.000000000,COMPLETED,1,24
86,87,2012-02-12 00:39:42+00:00,2012-02-12 00:39:49+00:00,2012-02-12 00:40:38+00:00,0 days 16:00:00.000000000,COMPLETED,1024,24576
86,87,2012-02-12 00:40:57+00:00,2012-02-12 00:41:23+00:00,2012-02-12 00:41:47+00:00,0 days 16:00:00.000000000,COMPLETED,1024,24576
86,87,2012-02-12 00:42:06+00:00,2012-02-12 00:42:26+00:00,2012-02-12 15:19:14+00:00,0 days 16:00:00.000000000,CANCELLED,1024,24576
102,103,2012-02-12 00:49:24+00:00,,2012-02-12 00:51:42+00:00,0 days 16:00:00.000000000,CANCELLED,1029,24696
102,103,2012-02-12 00:51:47+00:00,2012-02-12 15:19:49+00:00,2012-02-12 15:21:00+00:00,0 days 16:00:00.000000000,COMPLETED,1029,24696
102,103,2012-02-12 00:51:51+00:00,2012-02-12 15:21:25+00:00,2012-02-12 15:21:33+00:00,0 days 16:00:00.000000000,COMPLETED,1029,24696
102,103,2012-02-12 00:51:52+00:00,2012-02-12 15:21:57+00:00,2012-02-12 16:15:31+00:00,0 days 16:00:00.000000000,CANCELLED,1029,24696
102,103,2012-02-12 00:51:54+00:00,2012-02-12 16:16:16+00:00,2012-02-12 16:27:34+00:00,0 days 16:00:00.000000000,CANCELLED,1029,24696
102,103,2012-02-12 00:51:58+00:00,,2012-02-12 16:27:42+00:00,0 days 16:00:00.000000000,CANCELLED,1029,24696
102,103,2012-02-12 01:07:55+00:00,,2012-02-12 05:22:09+00:00,0 days 08:00:00.000000000,CANCELLED,376,9024
102,103,2012-02-12 01:07:58+00:00,,2012-02-12 05:22:14+00:00,0 days 08:00:00.000000000,CANCELLED,376,9024
102,103,2012-02-12 01:07:59+00:00,,2012-02-12 05:22:18+00:00,0 days 08:00:00.000000000,CANCELLED,376,9024
102,103,2012-02-12 01:08:01+00:00,,2012-02-12 05:22:21+00:00,0 days 08:00:00.000000000,CANCELLED,376,9024
102,103,2012-02-12 01:08:02+00:00,,2012-02-12 05:21:39+00:00,0 days 08:00:00.000000000,CANCELLED,376,9024
43,43,2012-02-12 01:32:40+00:00,2012-02-12 01:33:02+00:00,2012-02-12 16:33:02+00:00,0 days 15:00:00.000000000,TIMEOUT,64,1536
43,43,2012-02-12 02:19:14+00:00,2012-02-12 02:19:39+00:00,2012-02-12 17:19:40+00:00,0 days 15:00:00.000000000,TIMEOUT,64,1536
23,23,2012-02-12 04:14:11+00:00,2012-02-12 04:14:29+00:00,2012-02-12 04:14:30+00:00,0 days 10:00:00.000000000,COMPLETED,1,24
45,45,2012-02-12 06:21:44+00:00,,2012-02-12 06:22:40+00:00,0 days 16:00:00.000000000,CANCELLED,43,1032
45,45,2012-02-12 06:23:07+00:00,2012-02-12 06:23:27+00:00,2012-02-12 06:23:37+00:00,0 days 10:00:00.000000000,COMPLETED,43,1032
45,45,2012-02-12 06:24:43+00:00,2012-02-12 06:25:03+00:00,2012-02-12 15:17:29+00:00,0 days 10:00:00.000000000,COMPLETED,43,1032
86,87,2012-02-12 08:58:48+00:00,,2012-02-12 08:58:58+00:00,0 days 16:00:00.000000000,CANCELLED,300,7200
86,87,2012-02-12 08:59:07+00:00,2012-02-12 08:59:10+00:00,2012-02-12 09:00:18+00:00,0 days 07:30:00.000000000,CANCELLED,300,7200
86,87,2012-02-12 09:00:03+00:00,2012-02-12 09:00:48+00:00,2012-02-12 09:01:13+00:00,0 days 07:30:00.000000000,COMPLETED,300,7200
86,87,2012-02-12 09:01:59+00:00,2012-02-12 09:02:25+00:00,2012-02-12 16:31:51+00:00,0 days 07:30:00.000000000,CANCELLED,300,7200
86,87,2012-02-12 15:19:42+00:00,2012-02-12 15:19:50+00:00,2012-02-12 15:36:14+00:00,0 days 00:30:00.000000000,COMPLETED,128,3072
86,87,2012-02-12 15:22:20+00:00,2012-02-12 16:28:17+00:00,2012-02-12 17:18:36+00:00,0 days 01:30:00.000000000,COMPLETED,171,4104
86,87,2012-02-12 15:38:41+00:00,,2012-02-12 15:38:56+00:00,0 days 01:30:00.000000000,CANCELLED,171,4104
23,23,2012-02-12 15:45:58+00:00,2012-02-12 15:46:06+00:00,2012-02-12 15:48:11+00:00,0 days 10:00:00.000000000,COMPLETED,1,24
23,23,2012-02-12 15:46:34+00:00,2012-02-12 15:46:39+00:00,2012-02-12 19:46:40+00:00,0 days 04:00:00.000000000,TIMEOUT,2,48
23,23,2012-02-12 15:52:19+00:00,2012-02-12 15:52:28+00:00,2012-02-12 15:58:16+00:00,0 days 10:00:00.000000000,COMPLETED,1,24
86,87,2012-02-12 15:55:00+00:00,2012-02-12 15:55:09+00:00,2012-02-12 15:56:10+00:00,0 days 00:30:00.000000000,COMPLETED,128,3072
86,87,2012-02-12 15:55:44+00:00,2012-02-12 15:56:15+00:00,2012-02-12 15:56:17+00:00,0 days 00:30:00.000000000,COMPLETED,128,3072
86,87,2012-02-12 15:58:13+00:00,2012-02-12 15:58:25+00:00,2012-02-12 16:04:54+00:00,0 days 00:30:00.000000000,COMPLETED,128,3072
23,23,2012-02-12 16:03:16+00:00,2012-02-12 16:03:41+00:00,2012-02-13 02:03:42+00:00,0 days 10:00:00.000000000,TIMEOUT,1,24
45,45,2012-02-12 16:29:26+00:00,2012-02-12 16:29:50+00:00,2012-02-12 18:29:51+00:00,0 days 02:00:00.000000000,TIMEOUT,11,264
86,87,2012-02-12 16:32:01+00:00,2012-02-12 16:32:25+00:00,2012-02-13 06:32:20+00:00,0 days 16:00:00.000000000,CANCELLED,1024,24576
46,46,2012-02-12 16:49:57+00:00,2012-02-12 16:50:17+00:00,2012-02-12 16:51:59+00:00,0 days 15:59:00.000000000,COMPLETED,188,4512
46,46,2012-02-12 16:53:49+00:00,2012-02-12 16:53:59+00:00,2012-02-13 00:02:24+00:00,0 days 15:59:00.000000000,COMPLETED,188,4512
86,87,2012-02-12 17:19:06+00:00,2012-02-12 17:20:25+00:00,2012-02-12 17:21:30+00:00,0 days 02:00:00.000000000,COMPLETED,320,7680
86,87,2012-02-12 17:21:01+00:00,2012-02-12 17:22:03+00:00,2012-02-12 17:22:09+00:00,0 days 02:00:00.000000000,COMPLETED,320,7680
86,87,2012-02-12 17:26:37+00:00,2012-02-12 17:26:46+00:00,2012-02-12 19:04:10+00:00,0 days 02:00:00.000000000,COMPLETED,320,7680
166,167,2012-02-12 18:01:05+00:00,2012-02-12 18:01:36+00:00,2012-02-12 18:02:36+00:00,0 days 02:00:00.000000000,COMPLETED,24,576
166,167,2012-02-12 18:03:15+00:00,2012-02-12 18:03:46+00:00,2012-02-12 20:03:47+00:00,0 days 02:00:00.000000000,TIMEOUT,24,576
166,167,2012-02-12 18:21:13+00:00,2012-02-12 18:30:38+00:00,2012-02-12 19:30:39+00:00,0 days 01:00:00.000000000,TIMEOUT,24,576
89,90,2012-02-12 19:27:57+00:00,2012-02-12 19:28:11+00:00,2012-02-12 19:28:37+00:00,0 days 01:30:00.000000000,COMPLETED,200,4800
89,90,2012-02-12 19:29:34+00:00,2012-02-12 19:29:46+00:00,2012-02-12 19:30:07+00:00,0 days 01:30:00.000000000,COMPLETED,200,4800
89,90,2012-02-12 19:30:30+00:00,2012-02-12 19:30:40+00:00,2012-02-12 20:14:43+00:00,0 days 01:30:00.000000000,COMPLETED,200,4800
166,167,2012-02-12 19:39:02+00:00,,2012-02-12 19:39:24+00:00,0 days 02:00:00.000000000,CANCELLED,24,576
166,167,2012-02-12 19:40:57+00:00,2012-02-12 19:41:08+00:00,2012-02-12 19:56:25+00:00,0 days 01:00:00.000000000,COMPLETED,24,576
166,167,2012-02-12 19:46:43+00:00,2012-02-12 19:47:15+00:00,2012-02-12 22:47:16+00:00,0 days 03:00:00.000000000,TIMEOUT,24,576
166,167,2012-02-12 19:57:14+00:00,2012-02-12 19:57:40+00:00,2012-02-12 20:04:53+00:00,0 days 01:00:00.000000000,CANCELLED,24,576
166,167,2012-02-12 20:05:31+00:00,2012-02-12 20:05:56+00:00,2012-02-12 22:05:57+00:00,0 days 02:00:00.000000000,TIMEOUT,24,576
45,45,2012-02-12 20:07:18+00:00,2012-02-12 20:07:31+00:00,2012-02-12 20:09:25+00:00,0 days 01:00:00.000000000,CANCELLED,131,3144
45,45,2012-02-12 20:10:23+00:00,2012-02-12 20:10:44+00:00,2012-02-12 20:28:32+00:00,0 days 01:00:00.000000000,COMPLETED,131,3144
45,45,2012-02-12 20:29:32+00:00,2012-02-12 20:30:03+00:00,2012-02-13 05:41:15+00:00,0 days 10:00:00.000000000,COMPLETED,131,3144
43,43,2012-02-12 21:59:26+00:00,2012-02-12 21:59:35+00:00,2012-02-13 12:59:36+00:00,0 days 15:00:00.000000000,TIMEOUT,64,1536
46,46,2012-02-13 00:21:15+00:00,2012-02-13 00:21:29+00:00,2012-02-13 00:23:02+00:00,0 days 15:59:00.000000000,COMPLETED,188,4512
46,46,2012-02-13 00:24:48+00:00,2012-02-13 00:25:09+00:00,2012-02-13 07:00:40+00:00,0 days 15:59:00.000000000,COMPLETED,188,4512
86,87,2012-02-13 06:32:27+00:00,2012-02-13 06:33:09+00:00,2012-02-13 06:33:55+00:00,0 days 16:00:00.000000000,COMPLETED,1024,24576
86,87,2012-02-13 06:34:43+00:00,2012-02-13 06:35:14+00:00,2012-02-13 07:36:06+00:00,0 days 16:00:00.000000000,CANCELLED,1024,24576
86,87,2012-02-13 06:37:39+00:00,2012-02-13 06:37:51+00:00,2012-02-13 06:42:01+00:00,0 days 00:10:00.000000000,COMPLETED,40,960
46,46,2012-02-13 14:21:06+00:00,2012-02-13 14:21:14+00:00,2012-02-13 14:21:58+00:00,0 days 15:59:00.000000000,COMPLETED,188,4512
46,46,2012-02-13 14:22:50+00:00,2012-02-13 14:23:18+00:00,2012-02-13 14:26:30+00:00,0 days 15:59:00.000000000,CANCELLED,188,4512
46,46,2012-02-13 14:24:37+00:00,2012-02-13 14:24:51+00:00,2012-02-13 14:26:22+00:00,0 days 15:59:00.000000000,COMPLETED,188,4512
86,87,2012-02-13 14:26:43+00:00,2012-02-13 14:26:55+00:00,2012-02-13 14:28:09+00:00,0 days 16:00:00.000000000,COMPLETED,704,16896
86,87,2012-02-13 14:28:40+00:00,2012-02-13 14:28:59+00:00,2012-02-14 04:24:21+00:00,0 days 16:00:00.000000000,CANCELLED,704,16896
46,46,2012-02-13 14:44:00+00:00,2012-02-13 14:44:29+00:00,2012-02-13 14:45:11+00:00,0 days 15:59:00.000000000,COMPLETED,188,4512
46,46,2012-02-13 14:46:25+00:00,2012-02-13 14:46:37+00:00,2012-02-14 02:29:05+00:00,0 days 15:59:00.000000000,COMPLETED,188,4512
23,23,2012-02-13 15:12:44+00:00,2012-02-13 15:12:59+00:00,2012-02-13 15:16:59+00:00,0 days 16:00:00.000000000,CANCELLED,1,24
23,23,2012-02-13 15:17:19+00:00,2012-02-13 15:17:40+00:00,2012-02-13 21:12:04+00:00,0 days 16:00:00.000000000,CANCELLED,1,24
86,87,2012-02-13 15:55:20+00:00,2012-02-13 15:55:26+00:00,2012-02-13 16:54:04+00:00,0 days 02:00:00.000000000,COMPLETED,171,4104
23,23,2012-02-13 15:57:45+00:00,2012-02-13 15:58:03+00:00,2012-02-13 16:55:08+00:00,0 days 04:00:00.000000000,CANCELLED,2,48
43,43,2012-02-13 15:58:32+00:00,2012-02-13 15:58:35+00:00,2012-02-13 15:59:39+00:00,0 days 15:00:00.000000000,COMPLETED,128,3072
43,43,2012-02-13 16:18:21+00:00,2012-02-13 16:18:50+00:00,2012-02-13 16:18:53+00:00,0 days 15:00:00.000000000,COMPLETED,16,384
43,43,2012-02-13 16:19:41+00:00,2012-02-13 16:19:54+00:00,2012-02-13 16:21:32+00:00,0 days 15:00:00.000000000,CANCELLED,128,3072
43,43,2012-02-13 16:27:17+00:00,2012-02-13 16:27:44+00:00,2012-02-13 16:28:45+00:00,0 days 15:00:00.000000000,COMPLETED,64,1536
43,43,2012-02-13 16:27:40+00:00,2012-02-13 16:27:44+00:00,2012-02-14 07:27:45+00:00,0 days 15:00:00.000000000,TIMEOUT,16,384
43,43,2012-02-13 16:51:49+00:00,2012-02-13 16:52:12+00:00,2012-02-13 16:53:13+00:00,0 days 15:00:00.000000000,COMPLETED,64,1536
43,43,2012-02-13 16:51:55+00:00,2012-02-13 16:52:12+00:00,2012-02-13 16:52:23+00:00,0 days 15:00:00.000000000,COMPLETED,64,1536
23,23,2012-02-13 16:55:12+00:00,2012-02-13 16:55:22+00:00,2012-02-13 18:34:34+00:00,0 days 04:00:00.000000000,COMPLETED,2,48
43,43,2012-02-13 16:56:37+00:00,2012-02-13 16:56:57+00:00,2012-02-13 20:21:02+00:00,0 days 16:00:00.000000000,CANCELLED,64,1536
144,145,2012-02-13 17:24:02+00:00,2012-02-13 17:24:24+00:00,2012-02-13 21:24:25+00:00,0 days 04:00:00.000000000,TIMEOUT,6,144
45,45,2012-02-13 17:24:04+00:00,,2012-02-13 17:24:23+00:00,0 days 06:00:00.000000000,CANCELLED,43,1032
45,45,2012-02-13 17:26:19+00:00,2012-02-13 17:26:29+00:00,2012-02-13 17:27:35+00:00,0 days 06:00:00.000000000,CANCELLED,43,1032
45,45,2012-02-13 17:30:22+00:00,2012-02-13 17:30:40+00:00,2012-02-13 17:32:38+00:00,0 days 06:00:00.000000000,CANCELLED,43,1032
45,45,2012-02-13 17:33:11+00:00,2012-02-13 17:33:17+00:00,2012-02-13 17:37:45+00:00,0 days 02:00:00.000000000,COMPLETED,43,1032
45,45,2012-02-13 17:38:11+00:00,2012-02-13 17:38:31+00:00,2012-02-13 19:38:32+00:00,0 days 02:00:00.000000000,TIMEOUT,43,1032
106,107,2012-02-13 19:25:29+00:00,2012-02-13 19:25:38+00:00,2012-02-13 19:30:37+00:00,0 days 00:59:00.000000000,COMPLETED,22,528
89,90,2012-02-13 19:28:11+00:00,,2012-02-13 19:28:55+00:00,0 days 14:00:00.000000000,CANCELLED,180,4320
89,90,2012-02-13 19:29:20+00:00,2012-02-13 19:40:49+00:00,2012-02-14 05:35:53+00:00,0 days 12:00:00.000000000,COMPLETED,180,4320
106,107,2012-02-13 19:34:04+00:00,2012-02-13 19:34:32+00:00,2012-02-13 19:36:53+00:00,0 days 01:30:00.000000000,COMPLETED,22,528
71,71,2012-02-13 19:41:11+00:00,2012-02-14 02:29:29+00:00,2012-02-14 02:30:36+00:00,0 days 16:00:00.000000000,COMPLETED,576,13824
106,107,2012-02-13 19:45:42+00:00,2012-02-13 19:46:03+00:00,2012-02-13 19:48:28+00:00,0 days 01:30:00.000000000,COMPLETED,22,528
106,107,2012-02-13 19:54:37+00:00,2012-02-13 19:54:54+00:00,2012-02-13 19:57:14+00:00,0 days 01:30:00.000000000,COMPLETED,22,528
106,107,2012-02-13 20:10:39+00:00,2012-02-13 20:10:58+00:00,2012-02-13 20:13:21+00:00,0 days 01:30:00.000000000,COMPLETED,22,528
106,107,2012-02-13 20:20:26+00:00,2012-02-13 20:20:53+00:00,2012-02-13 20:52:40+00:00,0 days 01:30:00.000000000,COMPLETED,22,528
43,43,2012-02-13 20:22:42+00:00,2012-02-13 20:22:59+00:00,2012-02-14 00:57:54+00:00,0 days 16:00:00.000000000,COMPLETED,64,1536
89,90,2012-02-13 20:31:08+00:00,2012-02-13 20:31:18+00:00,2012-02-13 20:32:20+00:00,0 days 04:00:00.000000000,COMPLETED,150,3600
89,90,2012-02-13 20:33:03+00:00,2012-02-13 20:33:26+00:00,2012-02-13 20:35:17+00:00,0 days 04:00:00.000000000,CANCELLED,150,3600
89,90,2012-02-13 20:33:31+00:00,2012-02-13 20:33:58+00:00,2012-02-13 20:34:10+00:00,0 days 04:00:00.000000000,COMPLETED,150,3600
89,90,2012-02-13 20:35:54+00:00,2012-02-13 20:36:05+00:00,2012-02-13 20:49:20+00:00,0 days 04:00:00.000000000,COMPLETED,150,3600
89,90,2012-02-13 20:37:05+00:00,2012-02-13 20:37:09+00:00,2012-02-13 20:38:11+00:00,0 days 04:00:00.000000000,COMPLETED,150,3600
89,90,2012-02-13 20:39:19+00:00,2012-02-13 20:39:48+00:00,2012-02-13 20:53:45+00:00,0 days 04:00:00.000000000,COMPLETED,150,3600
106,107,2012-02-13 20:59:00+00:00,2012-02-13 20:59:05+00:00,2012-02-14 00:03:22+00:00,0 days 04:00:00.000000000,COMPLETED,22,528
45,45,2012-02-13 21:03:37+00:00,2012-02-13 21:03:46+00:00,2012-02-13 22:46:41+00:00,0 days 02:00:00.000000000,COMPLETED,1,24
89,90,2012-02-13 21:05:45+00:00,2012-02-13 21:05:52+00:00,2012-02-13 21:06:04+00:00,0 days 04:00:00.000000000,COMPLETED,150,3600
89,90,2012-02-13 21:07:35+00:00,2012-02-13 21:07:58+00:00,2012-02-13 21:21:41+00:00,0 days 04:00:00.000000000,COMPLETED,150,3600
23,23,2012-02-13 21:12:09+00:00,2012-02-13 21:12:41+00:00,2012-02-14 03:47:14+00:00,0 days 16:00:00.000000000,CANCELLED,1,24
23,23,2012-02-13 21:15:11+00:00,,2012-02-14 03:47:12+00:00,0 days 16:00:00.000000000,CANCELLED,1,1
23,23,2012-02-13 21:15:18+00:00,,2012-02-14 03:47:10+00:00,0 days 16:00:00.000000000,CANCELLED,1,1
89,90,2012-02-13 21:18:12+00:00,2012-02-13 21:18:27+00:00,2012-02-13 21:18:40+00:00,0 days 02:00:00.000000000,COMPLETED,150,3600
89,90,2012-02-13 21:19:27+00:00,2012-02-13 21:19:31+00:00,2012-02-13 21:19:33+00:00,0 days 02:00:00.000000000,COMPLETED,150,3600
16,16,2012-02-13 21:20:30+00:00,2012-02-14 17:27:30+00:00,2012-02-14 17:28:35+00:00,0 days 01:00:00.000000000,COMPLETED,128,3072
89,90,2012-02-13 21:20:53+00:00,2012-02-13 21:21:09+00:00,2012-02-13 21:39:00+00:00,0 days 02:00:00.000000000,COMPLETED,150,3600
89,90,2012-02-13 21:37:47+00:00,2012-02-13 21:37:58+00:00,2012-02-13 21:38:10+00:00,0 days 04:00:00.000000000,COMPLETED,150,3600
106,107,2012-02-13 21:38:10+00:00,2012-02-13 21:38:30+00:00,2012-02-13 21:38:59+00:00,0 days 00:59:00.000000000,COMPLETED,43,1032
89,90,2012-02-13 21:38:48+00:00,2012-02-13 21:39:02+00:00,2012-02-13 21:39:04+00:00,0 days 04:00:00.000000000,COMPLETED,150,3600
89,90,2012-02-13 21:40:04+00:00,2012-02-13 21:40:06+00:00,2012-02-13 21:46:18+00:00,0 days 04:00:00.000000000,COMPLETED,150,3600
89,90,2012-02-13 21:53:34+00:00,2012-02-13 21:53:37+00:00,2012-02-13 21:54:39+00:00,0 days 04:00:00.000000000,COMPLETED,150,3600
106,107,2012-02-13 21:54:13+00:00,2012-02-13 21:54:41+00:00,2012-02-13 22:53:42+00:00,0 days 00:59:00.000000000,TIMEOUT,43,1032
89,90,2012-02-13 21:56:32+00:00,2012-02-13 21:56:47+00:00,2012-02-13 22:02:38+00:00,0 days 04:00:00.000000000,COMPLETED,150,3600
89,90,2012-02-13 22:04:12+00:00,2012-02-13 22:04:36+00:00,2012-02-13 22:24:56+00:00,0 days 04:00:00.000000000,COMPLETED,150,3600
89,90,2012-02-13 22:25:37+00:00,2012-02-13 22:25:54+00:00,2012-02-13 22:33:55+00:00,0 days 00:08:00.000000000,TIMEOUT,150,3600
89,90,2012-02-13 22:35:00+00:00,2012-02-13 22:35:32+00:00,2012-02-13 22:37:34+00:00,0 days 00:20:00.000000000,CANCELLED,150,3600
89,90,2012-02-13 22:38:55+00:00,2012-02-13 22:39:13+00:00,2012-02-13 22:41:21+00:00,0 days 00:20:00.000000000,CANCELLED,150,3600
89,90,2012-02-13 22:44:02+00:00,2012-02-13 22:44:27+00:00,2012-02-13 22:45:54+00:00,0 days 00:20:00.000000000,CANCELLED,150,3600
89,90,2012-02-13 22:46:29+00:00,2012-02-13 22:46:34+00:00,2012-02-13 22:52:25+00:00,0 days 00:20:00.000000000,COMPLETED,150,3600
45,45,2012-02-13 22:47:58+00:00,2012-02-13 22:48:10+00:00,2012-02-13 23:09:59+00:00,0 days 01:00:00.000000000,COMPLETED,1,24
89,90,2012-02-13 22:54:48+00:00,2012-02-13 22:55:20+00:00,2012-02-13 23:01:35+00:00,0 days 00:20:00.000000000,COMPLETED,150,3600
144,145,2012-02-13 23:00:39+00:00,2012-02-13 23:01:05+00:00,2012-02-14 04:02:28+00:00,0 days 08:00:00.000000000,COMPLETED,6,144
89,90,2012-02-13 23:03:25+00:00,2012-02-13 23:03:43+00:00,2012-02-13 23:11:44+00:00,0 days 00:08:00.000000000,TIMEOUT,150,3600
89,90,2012-02-13 23:14:16+00:00,2012-02-13 23:14:23+00:00,2012-02-13 23:16:02+00:00,0 days 00:18:00.000000000,CANCELLED,150,3600
89,90,2012-02-13 23:17:26+00:00,2012-02-13 23:17:33+00:00,2012-02-13 23:19:23+00:00,0 days 00:18:00.000000000,CANCELLED,150,3600
106,107,2012-02-13 23:19:33+00:00,2012-02-13 23:19:39+00:00,2012-02-13 23:29:16+00:00,0 days 00:59:00.000000000,COMPLETED,22,528
89,90,2012-02-13 23:19:56+00:00,2012-02-13 23:20:11+00:00,2012-02-13 23:21:13+00:00,0 days 00:18:00.000000000,COMPLETED,150,3600
89,90,2012-02-13 23:21:41+00:00,2012-02-13 23:21:49+00:00,2012-02-13 23:21:50+00:00,0 days 00:18:00.000000000,COMPLETED,150,3600
89,90,2012-02-13 23:22:36+00:00,2012-02-13 23:22:53+00:00,2012-02-13 23:24:25+00:00,0 days 00:18:00.000000000,CANCELLED,150,3600
89,90,2012-02-13 23:25:34+00:00,2012-02-13 23:26:04+00:00,2012-02-13 23:32:24+00:00,0 days 00:18:00.000000000,COMPLETED,150,3600
89,90,2012-02-13 23:34:08+00:00,2012-02-13 23:34:26+00:00,2012-02-13 23:40:48+00:00,0 days 00:18:00.000000000,COMPLETED,150,3600
89,90,2012-02-13 23:42:09+00:00,2012-02-13 23:42:16+00:00,2012-02-13 23:50:55+00:00,0 days 00:18:00.000000000,CANCELLED,150,3600
106,107,2012-02-13 23:45:57+00:00,2012-02-13 23:46:26+00:00,2012-02-13 23:55:58+00:00,0 days 00:59:00.000000000,COMPLETED,22,528
89,90,2012-02-13 23:51:46+00:00,2012-02-13 23:52:10+00:00,2012-02-13 23:58:16+00:00,0 days 00:18:00.000000000,COMPLETED,150,3600
